id,timestamp,likes,retweets
1481553750334611459,2022-01-13T09:08:34.000Z,29,14
1481372515415076869,2022-01-12T21:08:24.000Z,3060,802
1481191320911814658,2022-01-12T09:08:24.000Z,2168,613
1481010126781878274,2022-01-11T21:08:24.000Z,8312,2014
1480828932844883970,2022-01-11T09:08:24.000Z,2642,748
1480645221843091461,2022-01-10T20:58:24.000Z,8823,2189
1480461512288264196,2022-01-10T08:48:24.000Z,1657,375
1480280317768384517,2022-01-09T20:48:24.000Z,4068,982
1480096606850625536,2022-01-09T08:38:24.000Z,2710,605
1479912897052565511,2022-01-08T20:28:24.000Z,4228,980
1479729186738688009,2022-01-08T08:18:24.000Z,4032,934
1479545477662183426,2022-01-07T20:08:25.000Z,3849,901
1479364281669980161,2022-01-07T08:08:24.000Z,1794,440
1479180572287193091,2022-01-06T19:58:24.000Z,3796,885
1478999377431740423,2022-01-06T07:58:24.000Z,4316,983
1478818183427641346,2022-01-05T19:58:24.000Z,3093,703
1478636988538445826,2022-01-05T07:58:24.000Z,3566,741
1478453277494808581,2022-01-04T19:48:24.000Z,3120,682
1478269569940836352,2022-01-04T07:38:25.000Z,4915,1133
1478088374246424582,2022-01-03T19:38:24.000Z,4079,871
1477907179298603011,2022-01-03T07:38:24.000Z,4816,1091
1477723469219565571,2022-01-02T19:28:24.000Z,4449,969
1477542275056025604,2022-01-02T07:28:24.000Z,4656,1111
1477358566222745602,2022-01-01T19:18:24.000Z,3826,819
1477177370314522628,2022-01-01T07:18:24.000Z,3836,928
1476993662521425930,2021-12-31T19:08:25.000Z,3502,783
1476809951939026959,2021-12-31T06:58:25.000Z,4144,928
1476628757301633033,2021-12-30T18:58:24.000Z,3948,858
1476445096111394816,2021-12-30T06:48:36.000Z,4048,905
1476261335889547271,2021-12-29T18:38:24.000Z,4466,963
1476077625776951300,2021-12-29T06:28:24.000Z,4526,1073
1475893915240833025,2021-12-28T18:18:24.000Z,4281,986
1475712720498573312,2021-12-28T06:18:24.000Z,5193,1138
1475531525705895944,2021-12-27T18:18:24.000Z,3978,862
1475350331664084993,2021-12-27T06:18:24.000Z,5920,1224
1475166666363441157,2021-12-26T18:08:35.000Z,4787,963
1474985427388047361,2021-12-26T06:08:24.000Z,5215,1121
1474801719087448065,2021-12-25T17:58:24.000Z,4779,900
1474618007511044098,2021-12-25T05:48:24.000Z,4726,985
1474434388381388802,2021-12-24T17:38:46.000Z,3627,755
1474250586656813073,2021-12-24T05:28:24.000Z,3696,768
1474069390983413769,2021-12-23T17:28:24.000Z,4298,896
1473885685954359303,2021-12-23T05:18:25.000Z,4860,1113
1473701987627720711,2021-12-22T17:08:28.000Z,4812,1062
1473518267536916482,2021-12-22T04:58:26.000Z,5220,1140
1473334636327616525,2021-12-21T16:48:45.000Z,5535,1211
1473153358899052545,2021-12-21T04:48:25.000Z,5648,1161
1472972162789261316,2021-12-20T16:48:24.000Z,2404,570
1472790967673626626,2021-12-20T04:48:24.000Z,8689,1801
1472607260220272640,2021-12-19T16:38:25.000Z,3549,827
1472426063762530310,2021-12-19T04:38:24.000Z,5906,1305
1472244869473226752,2021-12-18T16:38:24.000Z,5103,1140
1472063675209064448,2021-12-18T04:38:24.000Z,5467,1240
1471879965901737985,2021-12-17T16:28:24.000Z,3046,741
1471698771771805700,2021-12-17T04:28:24.000Z,6466,1357
1471515061726453761,2021-12-16T16:18:24.000Z,1909,495
1471331353182580738,2021-12-16T04:08:25.000Z,5385,1213
1471150158368976908,2021-12-15T16:08:25.000Z,3219,801
1470968963534311424,2021-12-15T04:08:24.000Z,4579,1036
1470787769001783296,2021-12-14T16:08:24.000Z,1540,366
1470606573450010625,2021-12-14T04:08:24.000Z,4039,901
1470422865749155850,2021-12-13T15:58:24.000Z,3013,719
1470241671669592065,2021-12-13T03:58:24.000Z,5545,1230
1470057992326369284,2021-12-12T15:48:32.000Z,5565,1224
1469876765237649408,2021-12-12T03:48:24.000Z,6256,1436
1469693066843992066,2021-12-11T15:38:27.000Z,6233,1341
1469509345570623489,2021-12-11T03:28:24.000Z,5165,1125
1469325634786709515,2021-12-10T15:18:24.000Z,4311,1018
1469141924963569666,2021-12-10T03:08:24.000Z,5345,1216
1468958214569934852,2021-12-09T14:58:24.000Z,2710,723
1468777019001511941,2021-12-09T02:58:24.000Z,5555,1304
1468593309824258055,2021-12-08T14:48:24.000Z,6240,1680
1468409610377773061,2021-12-08T02:38:27.000Z,2498,769
1468225889129349125,2021-12-07T14:28:24.000Z,3386,980
1468042196855177216,2021-12-07T02:18:29.000Z,4226,1017
1467860983720906767,2021-12-06T14:18:24.000Z,3546,813
1467677358006181897,2021-12-06T02:08:44.000Z,4679,1083
1467493600753823744,2021-12-05T13:58:33.000Z,4312,969
1467312368870952968,2021-12-05T01:58:24.000Z,4801,1069
1467128663133102083,2021-12-04T13:48:25.000Z,4181,971
1466947464922124288,2021-12-04T01:48:24.000Z,4253,940
1466763755396775936,2021-12-03T13:38:25.000Z,4243,946
1466580045095395328,2021-12-03T01:28:25.000Z,1459,345
1466398849359036416,2021-12-02T13:28:24.000Z,3649,899
1466215139921866761,2021-12-02T01:18:24.000Z,3544,865
1466031431029821443,2021-12-01T13:08:25.000Z,2751,704
1465850235280834560,2021-12-01T01:08:24.000Z,3120,658
1465666527169032195,2021-11-30T12:58:25.000Z,3221,716
1465485331470368769,2021-11-30T00:58:25.000Z,3419,848
1465301621290815493,2021-11-29T12:48:25.000Z,2652,654
1465120425126604811,2021-11-29T00:48:24.000Z,2975,732
1464939230740815889,2021-11-28T12:48:24.000Z,2544,659
1464758036728360960,2021-11-28T00:48:24.000Z,3278,770
1464574325911166980,2021-11-27T12:38:24.000Z,2905,687
1464390618814234631,2021-11-27T00:28:25.000Z,3967,896
1464206905946087438,2021-11-26T12:18:24.000Z,2829,687
1464025710796939268,2021-11-26T00:18:24.000Z,3007,682
1463842003100205060,2021-11-25T12:08:25.000Z,1889,476
1463658291758776327,2021-11-24T23:58:24.000Z,3193,745
1463477097289105411,2021-11-24T11:58:24.000Z,1427,336
1463293387440898053,2021-11-23T23:48:24.000Z,3773,962
1463109676690821125,2021-11-23T11:38:24.000Z,1621,396
1462925967710695426,2021-11-22T23:28:25.000Z,2940,697
1462744773232574467,2021-11-22T11:28:25.000Z,1568,399
1462563578762911746,2021-11-21T23:28:24.000Z,4080,964
1462379880058961923,2021-11-21T11:18:27.000Z,1481,353
1462198674264666116,2021-11-20T23:18:24.000Z,4268,937
1462014964990984196,2021-11-20T11:08:25.000Z,1751,430
1461831254723244039,2021-11-19T22:58:25.000Z,3500,779
1461650059318206468,2021-11-19T10:58:24.000Z,1525,404
1461466349755056129,2021-11-18T22:48:25.000Z,3073,758
1461282638551994376,2021-11-18T10:38:25.000Z,1906,541
1461098929194471425,2021-11-17T22:28:25.000Z,2143,550
1460915220021403651,2021-11-17T10:18:25.000Z,2122,565
1460734024394158083,2021-11-16T22:18:25.000Z,2867,703
1460550314189377536,2021-11-16T10:08:25.000Z,1613,465
1460366609856536576,2021-11-15T21:58:26.000Z,3156,797
1460185406713081857,2021-11-15T09:58:24.000Z,3126,754
1460001698496356360,2021-11-14T21:48:25.000Z,5600,1294
1459820502638370817,2021-11-14T09:48:24.000Z,4489,1113
1459636792806813705,2021-11-13T21:38:24.000Z,1618,427
1459455598098014208,2021-11-13T09:38:24.000Z,4076,1053
1459271888182644745,2021-11-12T21:28:24.000Z,1810,466
1459090693650006020,2021-11-12T09:28:24.000Z,4361,1090
1458909499599765513,2021-11-11T21:28:24.000Z,1737,455
1458725791894802437,2021-11-11T09:18:25.000Z,1856,520
1458542080649834502,2021-11-10T21:08:25.000Z,1941,549
1458358368964423686,2021-11-10T08:58:24.000Z,3348,899
1458174658365296641,2021-11-09T20:48:24.000Z,1639,433
1457993463534862336,2021-11-09T08:48:24.000Z,1437,400
1457809753254531084,2021-11-08T20:38:24.000Z,2491,705
1457628559325999105,2021-11-08T08:38:24.000Z,4019,1087
1457447365162541058,2021-11-07T20:38:24.000Z,1848,506
1457263658531233795,2021-11-07T08:28:25.000Z,1742,471
1457082460798324736,2021-11-06T20:28:24.000Z,4481,1073
1456901266899152897,2021-11-06T08:28:24.000Z,4534,1205
1456720071993307138,2021-11-05T20:28:24.000Z,2211,590
1456536362547617813,2021-11-05T08:18:24.000Z,1909,564
1456355167436263424,2021-11-04T20:18:24.000Z,4387,1182
1456171459412439041,2021-11-04T08:08:24.000Z,3667,1039
1455987748528181252,2021-11-03T19:58:24.000Z,2481,749
1455804039338373121,2021-11-03T07:48:25.000Z,1885,563
1455622843258097670,2021-11-02T19:48:24.000Z,2889,716
1455439132780548096,2021-11-02T07:38:24.000Z,3241,792
1455257938587697154,2021-11-01T19:38:24.000Z,1825,488
1455076743996485632,2021-11-01T07:38:24.000Z,3188,733
1454893034437582857,2021-10-31T19:28:24.000Z,1655,424
1454711839699488770,2021-10-31T07:28:24.000Z,1413,378
1454528131130404865,2021-10-30T19:18:24.000Z,1539,399
1454346936815964163,2021-10-30T07:18:24.000Z,2796,616
1454165742707003392,2021-10-29T19:18:24.000Z,1490,388
1453982034884534276,2021-10-29T07:08:25.000Z,1414,374
1453795810303430657,2021-10-28T18:48:26.000Z,1435,348
1453612094515990529,2021-10-28T06:38:24.000Z,1575,442
1453430900289589253,2021-10-27T18:38:24.000Z,1551,409
1453249706331623426,2021-10-27T06:38:24.000Z,1481,416
1453065996156252160,2021-10-26T18:28:24.000Z,1470,372
1452884801904693251,2021-10-26T06:28:24.000Z,1468,407
1452701092400205827,2021-10-25T18:18:24.000Z,1562,424
1452519896747806729,2021-10-25T06:18:24.000Z,2610,577
1452336186580738051,2021-10-24T18:08:24.000Z,1523,375
1452152476459839488,2021-10-24T05:58:24.000Z,2431,542
1451971281033826304,2021-10-23T17:58:24.000Z,1547,428
1451790086551523330,2021-10-23T05:58:24.000Z,3009,600
1451606382063591432,2021-10-22T17:48:25.000Z,1276,325
1451422667547029518,2021-10-22T05:38:24.000Z,1191,296
1451238957241585667,2021-10-21T17:28:24.000Z,1142,272
1451057762885058562,2021-10-21T05:28:24.000Z,1230,331
1450874053300998148,2021-10-20T17:18:24.000Z,1223,315
1450690341384843264,2021-10-20T05:08:24.000Z,1092,286
1450509146697121797,2021-10-19T17:08:24.000Z,1117,301
1450325437549318146,2021-10-19T04:58:24.000Z,1217,331
1450141731018657793,2021-10-18T16:48:25.000Z,1183,297
1449958110173581317,2021-10-18T04:38:47.000Z,1286,365
1449776821659181060,2021-10-17T16:38:24.000Z,1171,306
1449593815610929154,2021-10-17T04:31:12.000Z,1258,310
1449409402759438344,2021-10-16T16:18:24.000Z,1123,274
1449228207467663361,2021-10-16T04:18:24.000Z,1242,335
1449044500379226112,2021-10-15T16:08:25.000Z,1083,266
1448863303703441408,2021-10-15T04:08:24.000Z,1080,268
1448682109347012616,2021-10-14T16:08:24.000Z,1104,289
1448498399586701312,2021-10-14T03:58:24.000Z,1221,326
1448317204785766404,2021-10-13T15:58:24.000Z,1145,298
1448136009674215427,2021-10-13T03:58:24.000Z,1178,311
1447952301960871937,2021-10-12T15:48:25.000Z,1125,292
1447768589549850625,2021-10-12T03:38:24.000Z,1226,317
1447587393452888069,2021-10-11T15:38:24.000Z,1169,299
1447403685647106050,2021-10-11T03:28:24.000Z,1322,339
1447222491525656578,2021-10-10T15:28:24.000Z,1146,279
1447041296519028736,2021-10-10T03:28:24.000Z,1471,353
1446857586821767171,2021-10-09T15:18:24.000Z,1196,293
1446673876629561345,2021-10-09T03:08:24.000Z,1259,314
1446490165170610176,2021-10-08T14:58:24.000Z,1101,259
1446306456509329601,2021-10-08T02:48:24.000Z,1095,277
1446125262689603585,2021-10-07T14:48:24.000Z,960,232
1445944067943247874,2021-10-07T02:48:24.000Z,1187,313
1445760361672560648,2021-10-06T14:38:25.000Z,1114,277
1445576650989531136,2021-10-06T02:28:25.000Z,1161,282
1445392937165234182,2021-10-05T14:18:24.000Z,1102,300
1445209226780057604,2021-10-05T02:08:25.000Z,1196,294
1445025727162855425,2021-10-04T13:59:15.000Z,1170,325
1444844320620699650,2021-10-04T01:58:24.000Z,1305,325
1444660611074383878,2021-10-03T13:48:24.000Z,1210,307
1444479416567046156,2021-10-03T01:48:24.000Z,1262,295
1444295707205251078,2021-10-02T13:38:24.000Z,1193,276
1444111997281386499,2021-10-02T01:28:25.000Z,1249,297
1443928285428211716,2021-10-01T13:18:24.000Z,1056,265
1443744576741814275,2021-10-01T01:08:25.000Z,1161,271
1443560865266118656,2021-09-30T12:58:25.000Z,1147,305
1443379669605175299,2021-09-30T00:58:24.000Z,1169,303
1443195959652069381,2021-09-29T12:48:24.000Z,1019,224
1443014765727690756,2021-09-29T00:48:24.000Z,1527,356
1442833570435846144,2021-09-28T12:48:24.000Z,882,222
1442649870100320259,2021-09-28T00:38:26.000Z,1174,321
1442466151028637696,2021-09-27T12:28:24.000Z,1092,271
1442284956361838592,2021-09-27T00:28:24.000Z,1187,289
1442103762013855744,2021-09-26T12:28:24.000Z,1166,304
1441922567556587522,2021-09-26T00:28:24.000Z,1323,331
1441738871725862912,2021-09-25T12:18:27.000Z,1075,276
1441557667562934272,2021-09-25T00:18:25.000Z,1252,317
1441373953373601797,2021-09-24T12:08:24.000Z,1066,262
1441190243596570630,2021-09-23T23:58:24.000Z,1093,269
1441006534700437510,2021-09-23T11:48:25.000Z,1062,253
1440822823711240204,2021-09-22T23:38:25.000Z,1217,311
1440641629207949326,2021-09-22T11:38:24.000Z,840,198
1440457919938531339,2021-09-21T23:28:25.000Z,1219,266
1440276724973912074,2021-09-21T11:28:24.000Z,931,198
1440093014664306688,2021-09-20T23:18:24.000Z,1106,262
1439876588603154436,2021-09-20T08:58:24.000Z,1168,283
1439695392703193093,2021-09-19T20:58:24.000Z,1394,345
1439511683966324737,2021-09-19T08:48:24.000Z,1259,316
1439330489391894529,2021-09-18T20:48:24.000Z,1614,369
1439146779937759233,2021-09-18T08:38:25.000Z,1258,332
1438963068663476236,2021-09-17T20:28:24.000Z,1276,308
1438779359100350466,2021-09-17T08:18:25.000Z,1045,229
1438598163896672262,2021-09-16T20:18:24.000Z,1079,260
1438416969213087744,2021-09-16T08:18:24.000Z,1133,258
1438233260186865674,2021-09-15T20:08:24.000Z,1356,352
1438052065926950913,2021-09-15T08:08:24.000Z,1151,291
1437870871994056705,2021-09-14T20:08:24.000Z,1310,317
1437687187273920513,2021-09-14T07:58:31.000Z,1208,292
1437503452427522048,2021-09-13T19:48:25.000Z,1442,355
1437319743703293954,2021-09-13T07:38:25.000Z,1357,339
1437138545584521218,2021-09-12T19:38:24.000Z,1445,346
1436957351584620547,2021-09-12T07:38:24.000Z,1428,339
1436773643724414976,2021-09-11T19:28:25.000Z,1503,384
1436592446826323969,2021-09-11T07:28:24.000Z,2283,508
1436408739121205248,2021-09-10T19:18:25.000Z,1210,272
1436225074739228672,2021-09-10T07:08:36.000Z,2190,514
1436043833070981124,2021-09-09T19:08:24.000Z,1579,402
1435860122740400129,2021-09-09T06:58:24.000Z,2525,614
1435676416344051717,2021-09-08T18:48:25.000Z,2550,548
1435495216811843584,2021-09-08T06:48:24.000Z,1846,502
1435311508649545733,2021-09-07T18:38:25.000Z,2377,604
1435130313479426052,2021-09-07T06:38:24.000Z,1717,451
1434946603530469377,2021-09-06T18:28:24.000Z,2572,594
1434765409258033153,2021-09-06T06:28:24.000Z,2825,714
1434581699053109251,2021-09-05T18:18:24.000Z,2748,641
1434400504885518336,2021-09-05T06:18:24.000Z,3100,744
1434216794840084485,2021-09-04T18:08:25.000Z,3029,703
1434033084018696196,2021-09-04T05:58:24.000Z,3180,705
1433849373943898127,2021-09-03T17:48:25.000Z,2511,570
1433668179574894649,2021-09-03T05:48:24.000Z,2856,702
1433484469609144322,2021-09-02T17:38:25.000Z,2739,673
1433303274799632385,2021-09-02T05:38:24.000Z,3202,790
1433119569175056393,2021-09-01T17:28:26.000Z,2708,652
1432938371484114944,2021-09-01T05:28:25.000Z,3216,815
1432757176494346248,2021-08-31T17:28:24.000Z,2877,702
1432573467442958338,2021-08-31T05:18:25.000Z,3261,817
1432392272688123909,2021-08-30T17:18:25.000Z,3110,738
1432211077274734593,2021-08-30T05:18:24.000Z,3401,839
1432029883023122439,2021-08-29T17:18:24.000Z,3126,752
1431846173657255938,2021-08-29T05:08:24.000Z,3194,787
1431662463112597510,2021-08-28T16:58:24.000Z,3050,730
1431478751683096576,2021-08-28T04:48:24.000Z,3054,772
1431295041318924291,2021-08-27T16:38:24.000Z,2930,703
1431113846903738369,2021-08-27T04:38:24.000Z,2865,713
1430930138414424071,2021-08-26T16:28:25.000Z,2964,728
1430748943374340100,2021-08-26T04:28:24.000Z,3094,743
1430567748921401351,2021-08-25T16:28:24.000Z,2937,729
1430386554749526016,2021-08-25T04:28:24.000Z,3081,742
1430202844632821769,2021-08-24T16:18:24.000Z,2719,616
1430019140681703432,2021-08-24T04:08:26.000Z,3243,828
1429835425074528257,2021-08-23T15:58:25.000Z,2778,652
1429651712634150918,2021-08-23T03:48:24.000Z,3330,794
1429470518483197955,2021-08-22T15:48:24.000Z,2710,620
1429289323942326279,2021-08-22T03:48:24.000Z,3492,851
1429105614333091845,2021-08-21T15:38:24.000Z,3350,825
1428924419406274563,2021-08-21T03:38:24.000Z,3159,736
1428740712254910474,2021-08-20T15:28:25.000Z,2763,646
1428559516489105409,2021-08-20T03:28:24.000Z,2633,638
1428378321981743110,2021-08-19T15:28:24.000Z,3261,848
1428194612372549632,2021-08-19T03:18:24.000Z,3083,787
1428010902498930688,2021-08-18T15:08:24.000Z,1683,396
1427827238398009346,2021-08-18T02:58:36.000Z,2545,643
1427643487642607621,2021-08-17T14:48:26.000Z,3025,756
1427462287632257026,2021-08-17T02:48:24.000Z,2818,713
1427281093284311045,2021-08-16T14:48:24.000Z,2763,670
1427099899271733252,2021-08-16T02:48:24.000Z,2892,738
1426916189041725451,2021-08-15T14:38:24.000Z,3048,738
1426732478576963586,2021-08-15T02:28:24.000Z,3102,759
1426551284098904066,2021-08-14T14:28:24.000Z,2071,547
1426367575462752258,2021-08-14T02:18:25.000Z,2566,644
1426183863764652035,2021-08-13T14:08:24.000Z,2495,583
1426000153840865281,2021-08-13T01:58:25.000Z,2922,718
1425816442503639040,2021-08-12T13:48:24.000Z,2699,679
1425635248516251653,2021-08-12T01:48:24.000Z,2994,745
1425451540978995205,2021-08-11T13:38:25.000Z,2864,685
1425270343019732994,2021-08-11T01:38:24.000Z,2887,664
1425086633783799814,2021-08-10T13:28:24.000Z,2434,585
1424902925999083528,2021-08-10T01:18:25.000Z,2932,726
1424721728396271620,2021-08-09T13:18:24.000Z,3126,721
1424538018774454273,2021-08-09T01:08:24.000Z,3585,873
1424354307369996292,2021-08-08T12:58:24.000Z,3600,813
1424173113072357376,2021-08-08T00:58:24.000Z,3579,838
1423991919013765131,2021-08-07T12:58:24.000Z,3675,815
1423810724338487307,2021-08-07T00:58:24.000Z,3848,886
1423629530346962948,2021-08-06T12:58:24.000Z,3249,741
1423445821891219456,2021-08-06T00:48:24.000Z,3095,679
1423264627526410242,2021-08-05T12:48:24.000Z,2912,722
1423080919251005448,2021-08-05T00:38:25.000Z,1881,398
1422899723963355140,2021-08-04T12:38:25.000Z,3092,718
1422718529967697928,2021-08-04T00:38:25.000Z,3920,1009
1422537335774744580,2021-08-03T12:38:24.000Z,2700,553
1422353624617963525,2021-08-03T00:28:24.000Z,5381,1265
1422169914291499008,2021-08-02T12:18:24.000Z,3219,762
1421988719763013633,2021-08-02T00:18:24.000Z,3802,902
1421805009331757061,2021-08-01T12:08:24.000Z,1830,438
1421623814488793097,2021-08-01T00:08:24.000Z,3003,774
1421440108050493444,2021-07-31T11:58:25.000Z,3274,797
1421258910942613505,2021-07-30T23:58:24.000Z,3447,824
1421077716334530563,2021-07-30T11:58:24.000Z,1771,422
1420894006909841410,2021-07-29T23:48:24.000Z,3567,889
1420712812154867717,2021-07-29T11:48:24.000Z,3060,717
1420531618176016386,2021-07-28T23:48:24.000Z,3489,838
1420347908289871874,2021-07-28T11:38:24.000Z,4322,1070
1420166713778262020,2021-07-27T23:38:24.000Z,3520,853
1419983005398020096,2021-07-27T11:28:25.000Z,3853,927
1419799294245314560,2021-07-26T23:18:25.000Z,3234,832
1419618098810953728,2021-07-26T11:18:24.000Z,3640,886
1419434388488695809,2021-07-25T23:08:24.000Z,3644,894
1419250679026233346,2021-07-25T10:58:24.000Z,3671,845
1419069484095221761,2021-07-24T22:58:24.000Z,4162,1077
1418888289805815813,2021-07-24T10:58:24.000Z,3803,972
1418704580339195905,2021-07-23T22:48:24.000Z,3779,1018
1418520870285455361,2021-07-23T10:38:24.000Z,3487,823
1418337158960582663,2021-07-22T22:28:24.000Z,3507,878
1418153450072911874,2021-07-22T10:18:25.000Z,2329,601
1417972254860787715,2021-07-21T22:18:24.000Z,2867,681
1417788545931042819,2021-07-21T10:08:25.000Z,3967,975
1417607351763341313,2021-07-20T22:08:25.000Z,3988,975
1417423640191291393,2021-07-20T09:58:24.000Z,3122,834
1417239929948680200,2021-07-19T21:48:25.000Z,3459,867
1417056218758197249,2021-07-19T09:38:24.000Z,3524,819
1416875023214710784,2021-07-18T21:38:24.000Z,4191,1067
1416691465649020930,2021-07-18T09:29:00.000Z,6662,1507
1416510120150933505,2021-07-17T21:28:24.000Z,5063,1301
1416326410348777472,2021-07-17T09:18:24.000Z,3844,998
1416145215690350595,2021-07-16T21:18:24.000Z,3110,774
1415961507578486788,2021-07-16T09:08:25.000Z,3070,744
1415777797562408960,2021-07-15T20:58:25.000Z,2958,714
1415596601356259331,2021-07-15T08:58:24.000Z,3134,858
1415412893466742784,2021-07-14T20:48:25.000Z,2586,673
1415231697273171971,2021-07-14T08:48:25.000Z,2465,708
1415048099530264577,2021-07-13T20:38:51.000Z,3118,830
1414866792615399424,2021-07-13T08:38:24.000Z,2064,564
1414685598196146180,2021-07-12T20:38:24.000Z,2510,665
1414504403617337346,2021-07-12T08:38:24.000Z,2413,644
1414320693269905412,2021-07-11T20:28:24.000Z,2499,634
1414136983119613957,2021-07-11T08:18:24.000Z,3781,962
1413955789161648134,2021-07-10T20:18:24.000Z,3919,934
1413774594763280384,2021-07-10T08:18:24.000Z,3308,832
1413590885296656387,2021-07-09T20:08:24.000Z,3642,861
1413407175029018625,2021-07-09T07:58:25.000Z,3717,903
1413225981054119938,2021-07-08T19:58:25.000Z,2879,649
1413042270216105986,2021-07-08T07:48:24.000Z,3314,834
1412858560078303235,2021-07-07T19:38:25.000Z,3035,763
1412677364023279616,2021-07-07T07:38:24.000Z,2299,605
1412493655143768071,2021-07-06T19:28:24.000Z,1822,382
1412309944486055936,2021-07-06T07:18:24.000Z,3699,960
1412128750569930759,2021-07-05T19:18:24.000Z,2280,586
1411945040402857984,2021-07-05T07:08:24.000Z,3297,848
1411763845329211396,2021-07-04T19:08:24.000Z,3141,766
1411580134923063298,2021-07-04T06:58:24.000Z,3305,839
1411396424982568960,2021-07-03T18:48:24.000Z,3226,800
1411212715306242051,2021-07-03T06:38:25.000Z,3074,717
1411031520719126534,2021-07-02T18:38:24.000Z,3046,766
1410850326656262144,2021-07-02T06:38:24.000Z,3171,780
1410666617541906432,2021-07-01T18:28:25.000Z,2770,665
1410482908163420162,2021-07-01T06:18:25.000Z,3554,920
1410301712619999248,2021-06-30T18:18:25.000Z,2345,569
1410120516858417157,2021-06-30T06:18:24.000Z,3609,962
1409939322678153216,2021-06-29T18:18:24.000Z,2576,611
1409755613014417413,2021-06-29T06:08:24.000Z,3642,934
1409571934929629186,2021-06-28T17:58:32.000Z,3547,883
1409390709136842753,2021-06-28T05:58:24.000Z,3721,867
1409209513081724929,2021-06-27T17:58:24.000Z,3829,945
1409025804105830403,2021-06-27T05:48:24.000Z,4059,1009
1408844609598410763,2021-06-26T17:48:24.000Z,5098,1195
1408660901587214340,2021-06-26T05:38:25.000Z,4246,1108
1408477190845616133,2021-06-25T17:28:25.000Z,2971,734
1408293478778511362,2021-06-25T05:18:24.000Z,5070,1282
1408109769257361414,2021-06-24T17:08:25.000Z,2865,712
1407928574368174081,2021-06-24T05:08:24.000Z,2890,720
1407744867397246982,2021-06-23T16:58:25.000Z,2616,641
1407561153925070849,2021-06-23T04:48:24.000Z,2658,648
1407377443720249357,2021-06-22T16:38:25.000Z,2736,702
1407193736094826498,2021-06-22T04:28:25.000Z,3481,898
1407010037604786178,2021-06-21T16:18:28.000Z,3001,747
1406826310635241473,2021-06-21T04:08:24.000Z,3568,886
1406645116308275209,2021-06-20T16:08:24.000Z,3587,852
1406461405595901954,2021-06-20T03:58:24.000Z,3715,873
1406277694850048001,2021-06-19T15:48:24.000Z,3389,759
1406096500657119232,2021-06-19T03:48:24.000Z,3223,751
1405912791983214593,2021-06-18T15:38:24.000Z,3063,771
1405731596989255683,2021-06-18T03:38:24.000Z,3412,862
1405547887170314241,2021-06-17T15:28:24.000Z,3587,891
1405364177473052677,2021-06-17T03:18:24.000Z,3438,861
1405182982663593995,2021-06-16T15:18:24.000Z,3171,724
1405001788454014976,2021-06-16T03:18:24.000Z,4121,1075
1404820593560674304,2021-06-15T15:18:24.000Z,3703,888
1404636883725041668,2021-06-15T03:08:24.000Z,3332,795
1404453175445360647,2021-06-14T14:58:25.000Z,4102,946
1404271979960668160,2021-06-14T02:58:24.000Z,4101,1051
1404088269655117832,2021-06-13T14:48:24.000Z,2924,694
1403904559924273153,2021-06-13T02:38:25.000Z,3634,869
1403723364804530178,2021-06-12T14:38:24.000Z,3508,808
1403539655883202566,2021-06-12T02:28:25.000Z,3761,987
1403355944923303941,2021-06-11T14:18:25.000Z,2193,513
1403174750520856580,2021-06-11T02:18:24.000Z,3691,934
1402991041112801285,2021-06-10T14:08:25.000Z,3241,748
1402807328898945026,2021-06-10T01:58:24.000Z,3294,826
1402623626906587149,2021-06-09T13:48:26.000Z,2838,669
1402442424551673859,2021-06-09T01:48:24.000Z,3383,866
1402258721250680849,2021-06-08T13:38:26.000Z,3106,760
1402077523060703233,2021-06-08T01:38:25.000Z,3768,994
1401896325353029637,2021-06-07T13:38:24.000Z,3369,836
1401712615064285191,2021-06-07T01:28:24.000Z,3994,1012
1401531419495653378,2021-06-06T13:28:24.000Z,3355,768
1401347710775709698,2021-06-06T01:18:24.000Z,3893,959
1401166516343742469,2021-06-05T13:18:24.000Z,3522,804
1400985321706344449,2021-06-05T01:18:24.000Z,3694,926
1400801616823980033,2021-06-04T13:08:25.000Z,3286,793
1400620419598716928,2021-06-04T01:08:24.000Z,3155,790
1400436710807420928,2021-06-03T12:58:25.000Z,2725,638
1400255515213676552,2021-06-03T00:58:24.000Z,3698,917
1400071805914714116,2021-06-02T12:48:25.000Z,3580,853
1399890611516362753,2021-06-02T00:48:25.000Z,3417,807
1399706899898114054,2021-06-01T12:38:24.000Z,3276,757
1399523189248737286,2021-06-01T00:28:24.000Z,3945,1021
1399339478783774721,2021-05-31T12:18:24.000Z,3791,936
1399155768482582531,2021-05-31T00:08:24.000Z,4309,1116
1398972059271716870,2021-05-30T11:58:25.000Z,3766,930
1398788346546212870,2021-05-29T23:48:24.000Z,3841,984
1398607151166365699,2021-05-29T11:48:24.000Z,3799,941
1398423443088027650,2021-05-28T23:38:24.000Z,3619,910
1398242247032909824,2021-05-28T11:38:24.000Z,3690,949
1398058540779151365,2021-05-27T23:28:25.000Z,4064,1031
1397874826770104322,2021-05-27T11:18:24.000Z,3284,855
1397691116376530950,2021-05-26T23:08:24.000Z,4587,1272
1397509921965584384,2021-05-26T11:08:24.000Z,4710,1343
1397326213895663620,2021-05-25T22:58:25.000Z,3823,1061
1397145018742317056,2021-05-25T10:58:24.000Z,3040,775
1396963824427847684,2021-05-24T22:58:24.000Z,3766,906
1396782630079762434,2021-05-24T10:58:24.000Z,3778,932
1396598919283593216,2021-05-23T22:48:24.000Z,3558,941
1396417724193067010,2021-05-23T10:48:24.000Z,2554,586
1396234015397629955,2021-05-22T22:38:24.000Z,2737,649
1396052821208969218,2021-05-22T10:38:24.000Z,2844,640
1395871626596691969,2021-05-21T22:38:24.000Z,3013,757
1395687917754978307,2021-05-21T10:28:24.000Z,1522,378
1395504206887505921,2021-05-20T22:18:24.000Z,3152,714
1395320501896196098,2021-05-20T10:08:26.000Z,2863,656
1395139302959558661,2021-05-19T22:08:24.000Z,2830,708
1394955692012888066,2021-05-19T09:58:48.000Z,2408,547
1394771881312636928,2021-05-18T21:48:24.000Z,3196,802
1394588171749445632,2021-05-18T09:38:24.000Z,1525,368
1394406977493684237,2021-05-17T21:38:24.000Z,3051,745
1394225783351152640,2021-05-17T09:38:24.000Z,2951,654
1394044589305171972,2021-05-16T21:38:24.000Z,3075,730
1393863394437083138,2021-05-16T09:38:24.000Z,3564,866
1393679685012402177,2021-05-15T21:28:24.000Z,3556,827
1393498490932764672,2021-05-15T09:28:24.000Z,3107,750
1393317296433680385,2021-05-14T21:28:24.000Z,3092,747
1393136102312136708,2021-05-14T09:28:24.000Z,2919,703
1392952392921108481,2021-05-13T21:18:24.000Z,2467,566
1392771198497529856,2021-05-13T09:18:24.000Z,2365,518
1392587488724672517,2021-05-12T21:08:24.000Z,3484,896
1392403777811066880,2021-05-12T08:58:24.000Z,1684,384
1392220068331798533,2021-05-11T20:48:25.000Z,2910,748
1392038874013216773,2021-05-11T08:48:25.000Z,2901,745
1391855164311670787,2021-05-10T20:38:25.000Z,3391,820
1391673968973815808,2021-05-10T08:38:24.000Z,2918,698
1391492774114086916,2021-05-09T20:38:24.000Z,3264,834
1391309063707844608,2021-05-09T08:28:24.000Z,3467,836
1391125354673283088,2021-05-08T20:18:25.000Z,3118,797
1390944158639087618,2021-05-08T08:18:24.000Z,3019,729
1390760449101160450,2021-05-07T20:08:24.000Z,2958,706
1390576741798850562,2021-05-07T07:58:25.000Z,2649,637
1390393028234387458,2021-05-06T19:48:24.000Z,2871,724
1390209319048728579,2021-05-06T07:38:25.000Z,2963,803
1390025609343119368,2021-05-05T19:28:25.000Z,3381,905
1389841900094562306,2021-05-05T07:18:25.000Z,3353,880
1389658190363742209,2021-05-04T19:08:25.000Z,2703,647
1389476994329493507,2021-05-04T07:08:25.000Z,3702,950
1389295799658557441,2021-05-03T19:08:25.000Z,4297,1063
1389114605637623808,2021-05-03T07:08:25.000Z,4535,1156
1388930894455611393,2021-05-02T18:58:24.000Z,3119,776
1388747184623980549,2021-05-02T06:48:25.000Z,3878,1031
1388563474373091336,2021-05-01T18:38:25.000Z,3455,890
1388379762696069120,2021-05-01T06:28:24.000Z,3727,930
1388196054269665287,2021-04-30T18:18:25.000Z,3488,842
1388014859846144004,2021-04-30T06:18:25.000Z,3246,838
1387831149876195333,2021-04-29T18:08:25.000Z,3649,897
1387649954152394754,2021-04-29T06:08:25.000Z,3657,992
1387466245239357451,2021-04-28T17:58:25.000Z,1809,485
1387282533356773380,2021-04-28T05:48:25.000Z,3152,871
1387098831905599493,2021-04-27T17:38:27.000Z,3144,826
1386917629672185856,2021-04-27T05:38:25.000Z,4674,1232
1386733921493262341,2021-04-26T17:28:25.000Z,3773,1012
1386552725551333376,2021-04-26T05:28:25.000Z,4061,1032
1386371531408818179,2021-04-25T17:28:25.000Z,1733,450
1386190336494551040,2021-04-25T05:28:25.000Z,4116,1132
1386006626390269954,2021-04-24T17:18:25.000Z,2581,625
1385825431996313603,2021-04-24T05:18:25.000Z,3169,886
1385641724324859908,2021-04-23T17:08:25.000Z,4047,1118
1385458016577892352,2021-04-23T04:58:26.000Z,2567,603
1385276818970775554,2021-04-22T16:58:25.000Z,3671,930
1385093108036259845,2021-04-22T04:48:25.000Z,5035,1202
1384909398972248065,2021-04-21T16:38:25.000Z,3755,974
1384728202434723840,2021-04-21T04:38:25.000Z,3401,884
1384547008195727364,2021-04-20T16:38:25.000Z,3295,884
1384363297760333825,2021-04-20T04:28:25.000Z,3062,764
1384179599689486339,2021-04-19T16:18:28.000Z,2775,718
1383998394352369665,2021-04-19T04:18:25.000Z,3695,1022
1383814683950342149,2021-04-18T16:08:25.000Z,3178,786
1383633487995883529,2021-04-18T04:08:24.000Z,3925,1071
1383449778739040268,2021-04-17T15:58:25.000Z,2854,665
1383268583245979649,2021-04-17T03:58:24.000Z,4152,1021
1383084873628409861,2021-04-16T15:48:25.000Z,2711,667
1382903679112638464,2021-04-16T03:48:24.000Z,4492,1147
1382719970409320450,2021-04-15T15:38:25.000Z,3286,796
1382538775285297155,2021-04-15T03:38:25.000Z,3741,953
1382355068721233922,2021-04-14T15:28:25.000Z,3800,976
1382173871714004994,2021-04-14T03:28:25.000Z,3266,853
1381990162134097921,2021-04-13T15:18:25.000Z,3040,784
1381808965705728005,2021-04-13T03:18:24.000Z,3884,1026
1381625256486580227,2021-04-12T15:08:25.000Z,3150,786
1381444059902971905,2021-04-12T03:08:24.000Z,3054,845
1381260349475844097,2021-04-11T14:58:24.000Z,3142,768
1381076640164364291,2021-04-11T02:48:24.000Z,3409,902
1380895445917048834,2021-04-10T14:48:24.000Z,3827,957
1380714251757760519,2021-04-10T02:48:24.000Z,3481,904
1380530542597275651,2021-04-09T14:38:25.000Z,2803,677
1380346832526655499,2021-04-09T02:28:25.000Z,3407,907
1380163127191465993,2021-04-08T14:18:26.000Z,3147,793
1379979413471834113,2021-04-08T02:08:25.000Z,3104,790
1379795701924790273,2021-04-07T13:58:25.000Z,3073,737
1379604440806723589,2021-04-07T01:18:25.000Z,3524,876
1379420731629535235,2021-04-06T13:08:25.000Z,2911,722
1379239535326945282,2021-04-06T01:08:24.000Z,3571,935
1379055827458392067,2021-04-05T12:58:25.000Z,3164,732
1378874632233750537,2021-04-05T00:58:25.000Z,4140,1025
1378690921982799873,2021-04-04T12:48:25.000Z,3377,862
1378507211643744258,2021-04-04T00:38:25.000Z,3334,828
1378323501183033348,2021-04-03T12:28:25.000Z,1873,459
1378142305966817285,2021-04-03T00:28:25.000Z,3888,967
1377961111853662209,2021-04-02T12:28:25.000Z,3276,789
1377777401627869187,2021-04-02T00:18:25.000Z,2949,774
1377593691628580868,2021-04-01T12:08:25.000Z,3546,856
1377409985576009729,2021-03-31T23:58:26.000Z,3416,865
1377228788145225728,2021-03-31T11:58:25.000Z,3425,931
1377047593377792003,2021-03-30T23:58:25.000Z,3015,760
1376866399247798275,2021-03-30T11:58:25.000Z,3179,767
1376683056065609731,2021-03-29T23:49:52.000Z,3338,853
1376501494992736266,2021-03-29T11:48:25.000Z,2757,711
1376320299231289348,2021-03-28T23:48:24.000Z,3661,920
1376136589760458752,2021-03-28T11:38:25.000Z,3152,756
1375955394271571980,2021-03-27T23:38:24.000Z,3425,858
1375771685929025538,2021-03-27T11:28:25.000Z,3319,841
1375590490951839744,2021-03-26T23:28:24.000Z,3233,820
1375406782168850438,2021-03-26T11:18:25.000Z,2672,705
1375225585828528128,2021-03-25T23:18:24.000Z,2703,718
1375044391702773766,2021-03-25T11:18:24.000Z,3104,819
1374863197547728896,2021-03-24T23:18:24.000Z,3263,879
1374682003321323528,2021-03-24T11:18:24.000Z,3208,775
1374498294269767683,2021-03-23T23:08:24.000Z,3198,842
1374317099020120067,2021-03-23T11:08:24.000Z,3310,910
1374133389842907139,2021-03-22T22:58:24.000Z,3019,768
1373949681290649605,2021-03-22T10:48:25.000Z,3337,860
1373765972490862592,2021-03-21T22:38:25.000Z,3131,788
1373584775265587207,2021-03-21T10:38:25.000Z,3486,881
1373403581089472512,2021-03-20T22:38:24.000Z,3229,803
1373219874416250880,2021-03-20T10:28:25.000Z,2964,778
1373038676884795393,2021-03-19T22:28:25.000Z,3475,895
1372857482649952257,2021-03-19T10:28:24.000Z,2939,757
1372676288373198849,2021-03-18T22:28:24.000Z,2395,617
1372492587974660099,2021-03-18T10:18:27.000Z,3335,855
1372311383845568516,2021-03-17T22:18:24.000Z,3125,812
1372127675565899777,2021-03-17T10:08:25.000Z,2560,600
1371943974441717760,2021-03-16T21:58:27.000Z,3967,1028
1371760254581628928,2021-03-16T09:48:25.000Z,2857,731
1371576543688933377,2021-03-15T21:38:25.000Z,3157,788
1371392833417003008,2021-03-15T09:28:25.000Z,2896,753
1371209146910015489,2021-03-14T21:18:31.000Z,3298,855
1371027929610735620,2021-03-14T09:18:25.000Z,2447,634
1370846733534646272,2021-03-13T21:18:25.000Z,2346,604
1370663069467168772,2021-03-13T09:08:36.000Z,2835,691
1370481830676299790,2021-03-12T21:08:25.000Z,3076,746
1370300636709928961,2021-03-12T09:08:25.000Z,2809,714
1370119442806542338,2021-03-11T21:08:25.000Z,2736,673
1369935733453099013,2021-03-11T08:58:25.000Z,2951,752
1369752022652760081,2021-03-10T20:48:25.000Z,2897,755
1369570828560531457,2021-03-10T08:48:25.000Z,3088,812
1369389632467648521,2021-03-09T20:48:25.000Z,2578,638
1369205922875211776,2021-03-09T08:38:25.000Z,2792,687
1369022213567942657,2021-03-08T20:28:25.000Z,2739,655
1368841017747718149,2021-03-08T08:28:25.000Z,3446,937
1368659823198416902,2021-03-07T20:28:24.000Z,3048,734
1368476113480060928,2021-03-07T08:18:25.000Z,3155,790
1368292404168699904,2021-03-06T20:08:25.000Z,3942,884
1368111209720016900,2021-03-06T08:08:25.000Z,3270,867
1367927498663673858,2021-03-05T19:58:25.000Z,2997,756
1367746304038887425,2021-03-05T07:58:25.000Z,2905,742
1367562594505089024,2021-03-04T19:48:25.000Z,3061,818
1367381399490158592,2021-03-04T07:48:25.000Z,2870,771
1367197689306374148,2021-03-03T19:38:25.000Z,2788,701
1367013980351451136,2021-03-03T07:28:25.000Z,3078,783
1366832786229911557,2021-03-02T19:28:25.000Z,2793,660
1366649075790192642,2021-03-02T07:18:25.000Z,3310,845
1366467880225767433,2021-03-01T19:18:25.000Z,2907,685
1366286684858560514,2021-03-01T07:18:24.000Z,3446,876
1366102976163700740,2021-02-28T19:08:25.000Z,3313,827
1365919265963061248,2021-02-28T06:58:25.000Z,5000,1230
1365738071703093250,2021-02-27T18:58:25.000Z,3051,734
1365556877736706049,2021-02-27T06:58:25.000Z,3039,733
1365375682633678852,2021-02-26T18:58:24.000Z,3188,769
1365191975813722112,2021-02-26T06:48:25.000Z,3176,821
1365010779943161859,2021-02-25T18:48:25.000Z,3268,816
1364827071168606211,2021-02-25T06:38:25.000Z,3428,873
1364645875197255686,2021-02-24T18:38:25.000Z,2583,597
1364462167257473026,2021-02-24T06:28:25.000Z,3863,981
1364280970929709057,2021-02-23T18:28:25.000Z,2834,713
1364097260871708673,2021-02-23T06:18:25.000Z,3513,910
1363913558837321729,2021-02-22T18:08:27.000Z,1638,372
1363732355307995137,2021-02-22T06:08:25.000Z,3089,740
1363548645451304961,2021-02-21T17:58:25.000Z,3373,858
1363364935070322690,2021-02-21T05:48:25.000Z,3885,930
1363183738025304073,2021-02-20T17:48:24.000Z,2830,667
1363000029447872516,2021-02-20T05:38:24.000Z,3501,872
1362816319163424772,2021-02-19T17:28:25.000Z,2971,745
1362635124811198464,2021-02-19T05:28:24.000Z,2684,638
1362451416443465738,2021-02-18T17:18:25.000Z,2331,568
1362267802904723457,2021-02-18T05:08:48.000Z,3280,877
1362086510539997188,2021-02-17T17:08:25.000Z,2511,577
1361905315940343808,2021-02-17T05:08:24.000Z,3697,950
1361721606364618760,2021-02-16T16:58:25.000Z,2523,578
1361540411618123779,2021-02-16T04:58:24.000Z,3775,920
1361356703967678470,2021-02-15T16:48:25.000Z,2545,598
1361175506654269440,2021-02-15T04:48:24.000Z,3848,953
1360991796575293445,2021-02-14T16:38:24.000Z,3682,853
1360808087855185923,2021-02-14T04:28:25.000Z,3387,780
1360626892840329225,2021-02-13T16:28:25.000Z,3529,798
1360443183382089729,2021-02-13T04:18:25.000Z,3898,956
1360259474641018884,2021-02-12T16:08:25.000Z,3236,720
1360078276681687041,2021-02-12T04:08:24.000Z,3663,902
1359897082698563589,2021-02-11T16:08:24.000Z,2677,544
1359713411085565953,2021-02-11T03:58:34.000Z,3868,942
1359532180255502345,2021-02-10T15:58:25.000Z,3109,718
1359348477222871041,2021-02-10T03:48:27.000Z,3686,881
1359167275065106439,2021-02-09T15:48:25.000Z,2362,543
1358986079743971332,2021-02-09T03:48:24.000Z,3960,947
1358804885504983040,2021-02-08T15:48:24.000Z,3591,782
1358621202416336896,2021-02-08T03:38:31.000Z,3697,876
1358439983875506178,2021-02-07T15:38:25.000Z,3944,913
1358258789972144131,2021-02-07T03:38:25.000Z,4501,1090
1358077593770221570,2021-02-06T15:38:24.000Z,3565,802
1357893884794310657,2021-02-06T03:28:25.000Z,3805,922
1357712689301192710,2021-02-05T15:28:24.000Z,4388,1060
1357528978823802880,2021-02-05T03:18:24.000Z,4301,1023
1357345274977390596,2021-02-04T15:08:26.000Z,1592,361
1357164075227230214,2021-02-04T03:08:25.000Z,3976,1034
1356982880132616192,2021-02-03T15:08:24.000Z,1451,322
1356801685709070337,2021-02-03T03:08:24.000Z,3906,973
1356617978104737796,2021-02-02T14:58:25.000Z,1475,326
1356436783614070784,2021-02-02T02:58:25.000Z,3697,870
1356255589077278720,2021-02-01T14:58:25.000Z,1517,377
1356071878553690115,2021-02-01T02:48:25.000Z,3960,903
1355890683681386496,2021-01-31T14:48:24.000Z,3447,694
1355706976500666368,2021-01-31T02:38:25.000Z,3110,683
1355523305277698052,2021-01-30T14:28:35.000Z,3171,722
1355339554069356545,2021-01-30T02:18:25.000Z,3604,876
1355158357598998533,2021-01-29T14:18:24.000Z,2654,610
1354974649701036036,2021-01-29T02:08:25.000Z,3583,848
1354793453868216324,2021-01-28T14:08:24.000Z,1321,290
1354609744749723656,2021-01-28T01:58:25.000Z,2972,701
1354426034779774976,2021-01-27T13:48:25.000Z,1544,355
1354244839580299267,2021-01-27T01:48:25.000Z,1985,522
1354063645555253248,2021-01-26T13:48:25.000Z,1537,345
1353879937611149313,2021-01-26T01:38:25.000Z,3285,770
1353698739349819394,2021-01-25T13:38:24.000Z,1694,406
1353515063215349761,2021-01-25T01:28:32.000Z,3263,788
1353331321368670208,2021-01-24T13:18:25.000Z,3346,757
1353147619057537024,2021-01-24T01:08:27.000Z,3654,839
1352966414945185800,2021-01-23T13:08:24.000Z,1821,442
1352785220735553536,2021-01-23T01:08:24.000Z,3382,841
1352601518223093760,2021-01-22T12:58:26.000Z,1497,387
1352420315616473089,2021-01-22T00:58:24.000Z,3266,836
1352236608481681409,2021-01-21T12:48:25.000Z,1580,387
1352055413932515328,2021-01-21T00:48:25.000Z,2427,597
1351874219781578754,2021-01-20T12:48:25.000Z,1512,327
1351693024032645121,2021-01-20T00:48:24.000Z,2901,722
1351509313106403331,2021-01-19T12:38:24.000Z,1559,358
1351325604835176448,2021-01-19T00:28:25.000Z,3628,837
1351142306108370946,2021-01-18T12:20:03.000Z,1421,294
1350960698227126273,2021-01-18T00:18:24.000Z,2955,543
1350779504021680128,2021-01-17T12:18:24.000Z,1853,459
1350595795301658625,2021-01-17T00:08:25.000Z,4030,902
1350414601146544128,2021-01-16T12:08:25.000Z,1831,460
1350233406458777601,2021-01-16T00:08:24.000Z,3859,932
1350049757717278721,2021-01-15T11:58:39.000Z,2480,702
1349868502199500803,2021-01-14T23:58:24.000Z,3281,732
1349684793366228992,2021-01-14T11:48:25.000Z,1814,447
1349503599454400516,2021-01-13T23:48:25.000Z,3632,857
1349322402799489025,2021-01-13T11:48:24.000Z,2368,651
1349141208019443713,2021-01-12T23:48:24.000Z,2301,592
1348957499106463744,2021-01-12T11:38:24.000Z,1673,399
1348776304414318596,2021-01-11T23:38:24.000Z,2934,693
1348592625947987969,2021-01-11T11:28:32.000Z,2285,607
1348411400155258880,2021-01-10T23:28:24.000Z,3760,860
1348227691133210627,2021-01-10T11:18:25.000Z,2313,633
1348046496235720707,2021-01-09T23:18:24.000Z,3857,905
1347862785816997894,2021-01-09T11:08:24.000Z,2214,597
1347679100270485506,2021-01-08T22:58:30.000Z,2468,603
1347495365084401665,2021-01-08T10:48:24.000Z,1895,467
1347314171008974851,2021-01-07T22:48:24.000Z,2032,469
1347132975721443329,2021-01-07T10:48:24.000Z,1611,360
1346949267794010112,2021-01-06T22:38:25.000Z,1957,478
1346768073764831232,2021-01-06T10:38:25.000Z,1763,422
1346586877722243073,2021-01-05T22:38:24.000Z,3542,859
1346403169069359105,2021-01-05T10:28:25.000Z,2309,592
1346221972829728774,2021-01-04T22:28:24.000Z,2340,589
1346038264281628674,2021-01-04T10:18:25.000Z,2282,579
1345857068729819137,2021-01-03T22:18:24.000Z,2244,556
1345673358374039552,2021-01-03T10:08:24.000Z,2546,637
1345489648307613697,2021-01-02T21:58:24.000Z,3175,754
1345308452680306688,2021-01-02T09:58:24.000Z,2203,556
1345124743490449414,2021-01-01T21:48:24.000Z,3934,888
1344943549033414656,2021-01-01T09:48:24.000Z,4162,895
1344759838702764033,2020-12-31T21:38:24.000Z,2047,492
1344578644581249024,2020-12-31T09:38:24.000Z,2497,682
1344394938541355010,2020-12-30T21:28:25.000Z,3260,756
1344213744512069632,2020-12-30T09:28:25.000Z,3440,718
1344030032264654848,2020-12-29T21:18:25.000Z,3239,698
1343848835966263296,2020-12-29T09:18:24.000Z,3441,752
1343665125878870016,2020-12-28T21:08:24.000Z,4206,900
1343483930662612993,2020-12-28T09:08:24.000Z,4104,834
1343300250912567298,2020-12-27T20:58:31.000Z,4248,871
1343119027737153538,2020-12-27T08:58:24.000Z,3460,766
1342935317976920064,2020-12-26T20:48:24.000Z,3864,856
1342751607226847232,2020-12-26T08:38:24.000Z,3655,808
1342570412891365376,2020-12-25T20:38:24.000Z,4209,881
1342386702535553024,2020-12-25T08:28:24.000Z,3333,779
1342202993207373832,2020-12-24T20:18:25.000Z,2910,678
1342019281681313794,2020-12-24T08:08:24.000Z,4236,986
1341835571635908608,2020-12-23T19:58:25.000Z,2543,591
1341651862190239750,2020-12-23T07:48:25.000Z,3328,776
1341470667385024516,2020-12-22T19:48:25.000Z,3655,843
1341289471963262976,2020-12-22T07:48:24.000Z,3997,924
1341105765193576454,2020-12-21T19:38:25.000Z,3238,764
1340922052136611840,2020-12-21T07:28:25.000Z,4158,1001
1340740856555466753,2020-12-20T19:28:24.000Z,2235,544
1340559662442229763,2020-12-20T07:28:24.000Z,3392,804
1340375953474727936,2020-12-19T19:18:24.000Z,1896,426
1340192243832020994,2020-12-19T07:08:25.000Z,4452,1046
1340011049794342912,2020-12-18T19:08:25.000Z,2959,578
1339829853948956672,2020-12-18T07:08:24.000Z,3280,708
1339646146000670727,2020-12-17T18:58:25.000Z,3958,858
1339464948725010432,2020-12-17T06:58:24.000Z,3776,870
1339281240420134913,2020-12-16T18:48:25.000Z,4271,950
1339097528151773187,2020-12-16T06:38:24.000Z,4024,913
1338913822569099264,2020-12-15T18:28:25.000Z,3798,775
1338732625532497920,2020-12-15T06:28:25.000Z,4805,1043
1338551431406776320,2020-12-14T18:28:24.000Z,4004,865
1338367720690225155,2020-12-14T06:18:24.000Z,4031,867
1338186526480617472,2020-12-13T18:18:24.000Z,3857,803
1338002817089474560,2020-12-13T06:08:25.000Z,3899,848
1337821621839687685,2020-12-12T18:08:24.000Z,3709,787
1337637913450983425,2020-12-12T05:58:25.000Z,4207,944
1337454201526489088,2020-12-11T17:48:24.000Z,2825,609
1337270490717675520,2020-12-11T05:38:24.000Z,3458,784
1337086785000714242,2020-12-10T17:28:26.000Z,2207,478
1336905587502755841,2020-12-10T05:28:25.000Z,3331,785
1336721880754118659,2020-12-09T17:18:26.000Z,3243,679
1336538168435347456,2020-12-09T05:08:25.000Z,3623,829
1336354456292777987,2020-12-08T16:58:25.000Z,3269,657
1336170744678653952,2020-12-08T04:48:25.000Z,3309,735
1335987035069444103,2020-12-07T16:38:25.000Z,3401,744
1335803325363654656,2020-12-07T04:28:25.000Z,4705,1026
1335622128897576963,2020-12-06T16:28:24.000Z,3836,808
1335440934834757637,2020-12-06T04:28:24.000Z,3394,681
1335257224868933636,2020-12-05T16:18:24.000Z,2924,515
1335076029426266117,2020-12-05T04:18:24.000Z,4224,946
1334892331472990208,2020-12-04T16:08:27.000Z,3904,889
1334711124818857986,2020-12-04T04:08:24.000Z,4227,982
1334527415025098752,2020-12-03T15:58:24.000Z,3444,780
1334346220593180674,2020-12-03T03:58:24.000Z,3226,778
1334162517166272513,2020-12-02T15:48:26.000Z,3164,685
1333981318217158659,2020-12-02T03:48:25.000Z,4363,1013
1333800123088814080,2020-12-01T15:48:24.000Z,2823,551
1333616414331121665,2020-12-01T03:38:25.000Z,3283,767
1333432705653071872,2020-11-30T15:28:25.000Z,2252,500
1333248993921523712,2020-11-30T03:18:25.000Z,3797,902
1333065281590202371,2020-11-29T15:08:24.000Z,3189,658
1332881571897077766,2020-11-29T02:58:25.000Z,3488,780
1332697861222518791,2020-11-28T14:48:25.000Z,3208,733
1332514151130951680,2020-11-28T02:38:25.000Z,3973,954
1332330445787295746,2020-11-27T14:28:26.000Z,3050,728
1332149244631920640,2020-11-27T02:28:24.000Z,3416,848
1331965536188698625,2020-11-26T14:18:25.000Z,3178,758
1331784341815496705,2020-11-26T02:18:25.000Z,3900,889
1331600630897668102,2020-11-25T14:08:25.000Z,3470,742
1331419435828121601,2020-11-25T02:08:24.000Z,4414,974
1331235728014053379,2020-11-24T13:58:25.000Z,4109,914
1331054532982435840,2020-11-24T01:58:25.000Z,4677,1064
1330870823041851393,2020-11-23T13:48:25.000Z,4303,957
1330689626932178951,2020-11-23T01:48:24.000Z,5090,1116
1330505918879043587,2020-11-22T13:38:25.000Z,4270,900
1330322205654327298,2020-11-22T01:28:24.000Z,7048,1547
1330138497806688271,2020-11-21T13:18:25.000Z,5609,1248
1329954785668329478,2020-11-21T01:08:24.000Z,6625,1467
1329771081545228291,2020-11-20T12:58:26.000Z,7788,1964
1329587365669707777,2020-11-20T00:48:25.000Z,9654,2188
1329406171455827969,2020-11-19T12:48:25.000Z,3316,817
1329224977497944070,2020-11-19T00:48:25.000Z,3511,898
1329041269474136064,2020-11-18T12:38:25.000Z,2499,621
1328860072248807424,2020-11-18T00:38:24.000Z,3306,805
1328676471771197440,2020-11-17T12:28:51.000Z,3129,687
1328492652111814657,2020-11-17T00:18:25.000Z,3754,953
1328308941596528640,2020-11-16T12:08:25.000Z,3516,815
1328127747235962880,2020-11-16T00:08:25.000Z,3965,941
1327946551596027907,2020-11-15T12:08:24.000Z,2352,603
1327762843316457473,2020-11-14T23:58:25.000Z,5555,1319
1327581649329156098,2020-11-14T11:58:25.000Z,4112,985
1327397938964942848,2020-11-13T23:48:25.000Z,4612,1123
1327216744461643785,2020-11-13T11:48:25.000Z,3687,928
1327033035229962243,2020-11-12T23:38:25.000Z,3005,684
1326851839963377670,2020-11-12T11:38:25.000Z,2842,704
1326668129041338369,2020-11-11T23:28:24.000Z,2095,498
1326485820392542215,2020-11-11T11:23:59.000Z,1870,435
1326303225050492929,2020-11-10T23:18:25.000Z,1884,444
1326119516452040706,2020-11-10T11:08:25.000Z,1755,415
1325938322070495232,2020-11-09T23:08:25.000Z,1862,432
1325757127516884994,2020-11-09T11:08:25.000Z,1948,457
1325573415860834310,2020-11-08T22:58:24.000Z,1931,439
1325389706603995136,2020-11-08T10:48:25.000Z,1844,449
1325205995807674370,2020-11-07T22:38:25.000Z,2027,458
1325022283782627329,2020-11-07T10:28:24.000Z,1978,449
1324838577012797440,2020-11-06T22:18:25.000Z,1958,440
1324654867810553857,2020-11-06T10:08:26.000Z,1699,414
1324473669062713347,2020-11-05T22:08:24.000Z,1945,438
1324289959927386112,2020-11-05T09:58:25.000Z,1949,466
1324108765969420290,2020-11-04T21:58:25.000Z,1895,423
1323927570103095297,2020-11-04T09:58:24.000Z,1800,462
1323743860099633154,2020-11-03T21:48:24.000Z,2008,496
1323562665537581057,2020-11-03T09:48:24.000Z,1998,494
1323378955991289856,2020-11-02T21:38:24.000Z,2162,487
1323197761655836672,2020-11-02T09:38:24.000Z,1720,405
1323016567232385024,2020-11-01T21:38:24.000Z,2005,490
1322835372951351303,2020-11-01T09:38:24.000Z,2151,608
1322651666169159680,2020-10-31T21:28:25.000Z,2268,571
1322470469832986624,2020-10-31T09:28:24.000Z,1789,448
1322286760337068033,2020-10-30T21:18:25.000Z,1860,462
1322103050958446592,2020-10-30T09:08:25.000Z,1672,393
1321921856732057607,2020-10-29T21:08:25.000Z,1955,462
1321738144795025411,2020-10-29T08:58:25.000Z,1743,421
1321556950451146755,2020-10-28T20:58:24.000Z,1870,444
1321373243308167168,2020-10-28T08:48:25.000Z,2005,500
1321192047425048577,2020-10-27T20:48:25.000Z,2030,504
1321008336767197184,2020-10-27T08:38:25.000Z,1987,502
1320827140770832392,2020-10-26T20:38:24.000Z,1914,427
1320643431056711681,2020-10-26T08:28:24.000Z,1990,486
1320459727382499333,2020-10-25T20:18:26.000Z,2014,476
1320276010743582720,2020-10-25T08:08:25.000Z,2087,525
1320094816609456128,2020-10-24T20:08:25.000Z,2045,497
1319911105884524544,2020-10-24T07:58:25.000Z,1987,525
1319727395612598272,2020-10-23T19:48:25.000Z,1949,524
1319543687064453122,2020-10-23T07:38:25.000Z,1812,473
1319359976066908166,2020-10-22T19:28:25.000Z,1843,472
1319176265312645122,2020-10-22T07:18:25.000Z,1951,530
1318995070775922690,2020-10-21T19:18:25.000Z,1987,529
1318813875198939136,2020-10-21T07:18:24.000Z,1908,530
1318632679412277256,2020-10-20T19:18:24.000Z,3570,1033
1318448972374081536,2020-10-20T07:08:25.000Z,4687,1413
1318265264123772930,2020-10-19T18:58:25.000Z,4589,1301
1318084067053735936,2020-10-19T06:58:25.000Z,5374,1520
1317900356781809664,2020-10-18T18:48:25.000Z,4524,1220
1317719160189837317,2020-10-18T06:48:24.000Z,5601,1577
1317535451373252610,2020-10-17T18:38:24.000Z,4535,1234
1317354257281130498,2020-10-17T06:38:24.000Z,4981,1481
1317170547701223428,2020-10-16T18:28:25.000Z,5013,1400
1316986837978710016,2020-10-16T06:18:25.000Z,5310,1537
1316805644041760769,2020-10-15T18:18:25.000Z,2947,853
1316624449626689536,2020-10-15T06:18:25.000Z,4785,1358
1316443254880174083,2020-10-14T18:18:24.000Z,4248,1186
1316259552959049728,2020-10-14T06:08:27.000Z,3823,1147
1316075835087093761,2020-10-13T17:58:25.000Z,3431,960
1315894640017575937,2020-10-13T05:58:24.000Z,4410,1319
1315710934015512578,2020-10-12T17:48:26.000Z,5077,1492
1315527220329414656,2020-10-12T05:38:25.000Z,5143,1468
1315346025087938568,2020-10-11T17:38:24.000Z,4821,1288
1315162314589564929,2020-10-11T05:28:24.000Z,4558,1354
1314978604875481089,2020-10-10T17:18:25.000Z,4233,1195
1314797409545916417,2020-10-10T05:18:24.000Z,4255,1197
1314613700704325633,2020-10-09T17:08:25.000Z,4375,1205
1314432505362223104,2020-10-09T05:08:24.000Z,3914,1129
1314248797879513097,2020-10-08T16:58:25.000Z,4286,1182
1314067601656623105,2020-10-08T04:58:25.000Z,4576,1390
1313883892261310465,2020-10-07T16:48:25.000Z,3899,1157
1313700182949851142,2020-10-07T04:38:25.000Z,4334,1332
1313518986349481984,2020-10-06T16:38:25.000Z,4139,1154
1313335276526280705,2020-10-06T04:28:25.000Z,4425,1264
1313151566539640833,2020-10-05T16:18:25.000Z,3651,1102
1312970372141273089,2020-10-05T04:18:25.000Z,4408,1270
1312789177298280448,2020-10-04T16:18:24.000Z,4161,1200
1312605468716683266,2020-10-04T04:08:25.000Z,5987,1599
1312424274054074369,2020-10-03T16:08:25.000Z,4701,1324
1312243078959333377,2020-10-03T04:08:24.000Z,4301,1223
1312059370772090880,2020-10-02T15:58:25.000Z,4033,1163
1311878173785759744,2020-10-02T03:58:24.000Z,4414,1323
1311694464839188482,2020-10-01T15:48:25.000Z,4046,1118
1311510754387001344,2020-10-01T03:38:25.000Z,4690,1355
1311327045742362626,2020-09-30T15:28:25.000Z,3888,1147
1311145849079173120,2020-09-30T03:28:24.000Z,5257,1570
1310964654554914816,2020-09-29T15:28:24.000Z,4620,1343
1310780944924774400,2020-09-29T03:18:25.000Z,4533,1224
1310597235466534914,2020-09-28T15:08:25.000Z,4725,1366
1310416039943995392,2020-09-28T03:08:24.000Z,4620,1323
1310234845033963521,2020-09-27T15:08:24.000Z,4658,1346
1310051135982628864,2020-09-27T02:58:25.000Z,4794,1322
1309867426427928576,2020-09-26T14:48:25.000Z,4177,1212
1309686230867738629,2020-09-26T02:48:24.000Z,4657,1354
1309479960218828807,2020-09-25T13:08:46.000Z,3817,1071
1309286095511789570,2020-09-25T00:18:25.000Z,3864,1141
1309104901570596867,2020-09-24T12:18:25.000Z,3510,1025
1308921192422801408,2020-09-24T00:08:25.000Z,3131,833
1308737482750558208,2020-09-23T11:58:25.000Z,3076,846
1308553771665043457,2020-09-22T23:48:25.000Z,3581,1077
1308372576809476096,2020-09-22T11:48:25.000Z,3353,1014
1308188865220542466,2020-09-21T23:38:25.000Z,4367,1317
1308007671098990592,2020-09-21T11:38:25.000Z,4104,1221
1307823961544237057,2020-09-20T23:28:25.000Z,4365,1326
1307642763966644225,2020-09-20T11:28:24.000Z,4130,1164
1307459057566052353,2020-09-19T23:18:25.000Z,4226,1195
1307275347948449792,2020-09-19T11:08:25.000Z,4437,1303
1307091636833353728,2020-09-18T22:58:25.000Z,4462,1333
1306910441885532160,2020-09-18T10:58:25.000Z,3344,1006
1306729246895869952,2020-09-17T22:58:24.000Z,4181,1252
1306545535696932864,2020-09-17T10:48:24.000Z,2985,851
1306361827958415361,2020-09-16T22:38:25.000Z,4408,1375
1306180632452698112,2020-09-16T10:38:25.000Z,3527,1109
1305996922940002305,2020-09-15T22:28:25.000Z,4014,1211
1305813241701052417,2020-09-15T10:18:32.000Z,3169,942
1305632033847341056,2020-09-14T22:18:28.000Z,3886,1260
1305450825456799747,2020-09-14T10:18:25.000Z,4642,1564
1305267114299842563,2020-09-13T22:08:25.000Z,4680,1374
1305083402928959489,2020-09-13T09:58:25.000Z,3985,1233
1304902208832647168,2020-09-12T21:58:25.000Z,5298,1551
1304721013956108289,2020-09-12T09:58:24.000Z,5744,1604
1304537338207440896,2020-09-11T21:48:33.000Z,4659,1398
1304356107943583745,2020-09-11T09:48:24.000Z,4121,1263
1304172400548904962,2020-09-10T21:38:25.000Z,5439,1630
1303991204007337984,2020-09-10T09:38:24.000Z,4706,1461
1303807495002087426,2020-09-09T21:28:25.000Z,4693,1406
1303623786596532224,2020-09-09T09:18:25.000Z,3415,1103
1303442592651247628,2020-09-08T21:18:25.000Z,4809,1549
1303259008149712897,2020-09-08T09:08:55.000Z,5344,1639
1303077802246373376,2020-09-07T21:08:52.000Z,4320,1303
1302896494832496640,2020-09-07T09:08:25.000Z,4474,1386
1302712782970707969,2020-09-06T20:58:25.000Z,4241,1246
1302531586412425218,2020-09-06T08:58:24.000Z,5182,1516
1302347877256245248,2020-09-05T20:48:25.000Z,4273,1232
1302164167101763585,2020-09-05T08:38:25.000Z,4139,1280
1301980457588994054,2020-09-04T20:28:25.000Z,4162,1174
1301799263232503810,2020-09-04T08:28:25.000Z,4370,1288
1301618068909678595,2020-09-03T20:28:25.000Z,3594,1082
1301434358226718720,2020-09-03T08:18:25.000Z,3876,1187
1301253162368667648,2020-09-02T20:18:24.000Z,4092,1238
1301069454630105088,2020-09-02T08:08:25.000Z,3928,1152
1300888260122730499,2020-09-01T20:08:25.000Z,4619,1349
1300704615533621249,2020-09-01T07:58:40.000Z,4440,1277
1300523355808948231,2020-08-31T19:58:25.000Z,4905,1392
1300342161687425025,2020-08-31T07:58:25.000Z,4917,1433
1300158450668838914,2020-08-30T19:48:25.000Z,4975,1397
1299974740346572801,2020-08-30T07:38:25.000Z,5181,1523
1299793545491030016,2020-08-29T19:38:24.000Z,4780,1369
1299612351214366720,2020-08-29T07:38:24.000Z,4893,1415
1299428641378635781,2020-08-28T19:28:24.000Z,4080,1143
1299247447001235458,2020-08-28T07:28:24.000Z,4793,1412
1299063738050506752,2020-08-27T19:18:25.000Z,4925,1459
1298880027342364672,2020-08-27T07:08:25.000Z,3920,1118
1298698833409564672,2020-08-26T19:08:25.000Z,4897,1379
1298515124341420035,2020-08-26T06:58:25.000Z,5856,1740
1298333929016090625,2020-08-25T18:58:25.000Z,4643,1357
1298152733560668161,2020-08-25T06:58:24.000Z,5324,1579
1297969024547147776,2020-08-24T18:48:25.000Z,4767,1340
1297787828512989186,2020-08-24T06:48:24.000Z,5308,1495
1297604119524409345,2020-08-23T18:38:25.000Z,5167,1455
1297420408610861056,2020-08-23T06:28:24.000Z,4963,1406
1297236697684598786,2020-08-22T18:18:24.000Z,5532,1582
1297052987643305985,2020-08-22T06:08:24.000Z,4733,1407
1296869278172557314,2020-08-21T17:58:25.000Z,4678,1368
1296688083207888898,2020-08-21T05:58:24.000Z,4600,1336
1296504381052006402,2020-08-20T17:48:26.000Z,4942,1410
1296323179867144193,2020-08-20T05:48:25.000Z,6061,1735
1296141984281829378,2020-08-19T17:48:24.000Z,4854,1425
1295958285229740036,2020-08-19T05:38:27.000Z,5117,1577
1295777080966361090,2020-08-18T17:38:25.000Z,5339,1513
1295595886886686720,2020-08-18T05:38:25.000Z,5033,1522
1295412177617268738,2020-08-17T17:28:25.000Z,5764,1742
1295228467315986432,2020-08-17T05:18:25.000Z,5829,1769
1295047271910985731,2020-08-16T17:18:25.000Z,4601,1350
1294866076770213888,2020-08-16T05:18:24.000Z,6804,2013
1294684882728374272,2020-08-15T17:18:24.000Z,5242,1602
1294503688178995200,2020-08-15T05:18:24.000Z,6055,1816
1294319980276850690,2020-08-14T17:08:25.000Z,4887,1528
1294136267567857664,2020-08-14T04:58:24.000Z,4489,1383
1293952562060767234,2020-08-13T16:48:25.000Z,4689,1459
1293771363937853442,2020-08-13T04:48:24.000Z,4471,1360
1293590169782824960,2020-08-12T16:48:24.000Z,3464,1043
1293408974390386688,2020-08-12T04:48:24.000Z,4922,1453
1293225264588165126,2020-08-11T16:38:24.000Z,4044,1103
1293041556048535552,2020-08-11T04:28:25.000Z,4152,1191
1292857844535046144,2020-08-10T16:18:24.000Z,4655,1298
1292676649062993921,2020-08-10T04:18:24.000Z,4687,1378
1292492941349576706,2020-08-09T16:08:25.000Z,3913,1082
1292311745147686912,2020-08-09T04:08:24.000Z,5298,1485
1292130551252516866,2020-08-08T16:08:24.000Z,4332,1207
1291946842675191808,2020-08-08T03:58:25.000Z,5121,1511
1291765648465567745,2020-08-07T15:58:25.000Z,4397,1324
1291584454385860611,2020-08-07T03:58:25.000Z,4054,1228
1291400747129745410,2020-08-06T15:48:25.000Z,5772,1630
1291219550755794945,2020-08-06T03:48:25.000Z,5049,1459
1291038356470669312,2020-08-05T15:48:25.000Z,4700,1321
1290857161833295872,2020-08-05T03:48:25.000Z,5240,1500
1290673452236656641,2020-08-04T15:38:25.000Z,5182,1441
1290492257326346240,2020-08-04T03:38:24.000Z,4784,1438
1290308550086909953,2020-08-03T15:28:25.000Z,5103,1410
1290127353419620352,2020-08-03T03:28:25.000Z,5127,1432
1289943641839095809,2020-08-02T15:18:24.000Z,6309,1783
1289759932070293506,2020-08-02T03:08:25.000Z,6175,1790
1289576222352056320,2020-08-01T14:58:25.000Z,6116,1740
1289392511924842496,2020-08-01T02:48:25.000Z,4966,1475
1289211318038409217,2020-07-31T14:48:25.000Z,4543,1452
1289030123052765185,2020-07-31T02:48:25.000Z,5250,1697
1288846417503703042,2020-07-30T14:38:26.000Z,4007,1208
1288665222518054915,2020-07-30T02:38:25.000Z,5262,1535
1288484025422708747,2020-07-29T14:38:25.000Z,4625,1400
1288302830772727814,2020-07-29T02:38:25.000Z,4549,1331
1288121635912822784,2020-07-28T14:38:24.000Z,5023,1494
1287940441971859462,2020-07-28T02:38:24.000Z,4883,1424
1287756839736750085,2020-07-27T14:28:50.000Z,4795,1379
1287573021633458176,2020-07-27T02:18:24.000Z,4646,1350
1287391826987618304,2020-07-26T14:18:24.000Z,5133,1545
1287208120394174464,2020-07-26T02:08:25.000Z,4647,1430
1287024408956219392,2020-07-25T13:58:25.000Z,3718,1107
1286840698495471616,2020-07-25T01:48:25.000Z,4229,1262
1286657000407957505,2020-07-24T13:38:28.000Z,3488,1113
1286473277112754182,2020-07-24T01:28:25.000Z,3451,1177
1286292081024139266,2020-07-23T13:28:24.000Z,4533,1380
1286108388842242048,2020-07-23T01:18:29.000Z,4824,1496
1285927177368862721,2020-07-22T13:18:25.000Z,3563,1062
1285743469575778305,2020-07-22T01:08:25.000Z,4561,1515
1285562271939342338,2020-07-21T13:08:24.000Z,3977,1252
1285378561487122432,2020-07-21T00:58:24.000Z,5468,1778
1285194852863442944,2020-07-20T12:48:25.000Z,5671,1758
1285013656707698698,2020-07-20T00:48:24.000Z,5755,1720
1284829949220790273,2020-07-19T12:38:25.000Z,5428,1550
1284648754814029826,2020-07-19T00:38:25.000Z,5813,1743
1284465057519341568,2020-07-18T12:28:28.000Z,4604,1377
1284283850877808643,2020-07-18T00:28:25.000Z,5174,1618
1284100140144394240,2020-07-17T12:18:25.000Z,4578,1516
1283908878917304322,2020-07-16T23:38:25.000Z,5362,1693
1283727682203787270,2020-07-16T11:38:24.000Z,5029,1736
1283543973999587329,2020-07-15T23:28:25.000Z,4149,1311
1283360280358064137,2020-07-15T11:18:29.000Z,4426,1470
1283179068133965824,2020-07-14T23:18:24.000Z,4753,1457
1282995360290549764,2020-07-14T11:08:25.000Z,4446,1336
1282811650312110081,2020-07-13T22:58:25.000Z,5122,1610
1282627939402764289,2020-07-13T10:48:25.000Z,5806,1809
1282446743075004416,2020-07-12T22:48:24.000Z,7238,2225
1282265548190093312,2020-07-12T10:48:24.000Z,5666,1749
1282084354198577153,2020-07-11T22:48:24.000Z,6603,2103
1281900644912300032,2020-07-11T10:38:24.000Z,5338,1673
1281716934929768450,2020-07-10T22:28:25.000Z,4183,1265
1281533225375080450,2020-07-10T10:18:25.000Z,4209,1427
1281352030192312321,2020-07-09T22:18:25.000Z,3353,1098
1281168345707012096,2020-07-09T10:08:31.000Z,6512,1974
1280987125274628100,2020-07-08T22:08:24.000Z,5235,1671
1280803426750865408,2020-07-08T09:58:27.000Z,5918,1798
1280622221501894661,2020-07-07T21:58:25.000Z,5603,1816
1280441025648099330,2020-07-07T09:58:24.000Z,7560,2193
1280257320199565316,2020-07-06T21:48:25.000Z,5480,1849
1280076119941812230,2020-07-06T09:48:24.000Z,6577,1944
1279892424467365889,2020-07-05T21:38:27.000Z,5980,1800
1279711222817062913,2020-07-05T09:38:26.000Z,6237,1933
1279527509625917441,2020-07-04T21:28:25.000Z,6815,2171
1279346314233421829,2020-07-04T09:28:25.000Z,4984,1584
1279165119449235458,2020-07-03T21:28:24.000Z,6435,2120
1278983925067657221,2020-07-03T09:28:24.000Z,3609,1305
1278800216142069760,2020-07-02T21:18:25.000Z,6005,2079
1278616506285334529,2020-07-02T09:08:25.000Z,6410,2072
1278432800216055808,2020-07-01T20:58:26.000Z,6239,1957
1278249086420955136,2020-07-01T08:48:25.000Z,4480,1459
1278067891414413312,2020-06-30T20:48:25.000Z,5551,1883
1277884191519264769,2020-06-30T08:38:27.000Z,4461,1659
1277700469721378817,2020-06-29T20:28:25.000Z,4796,1633
1277519274085617664,2020-06-29T08:28:24.000Z,4958,1814
1277335563264294915,2020-06-28T20:18:24.000Z,5845,2058
1277151857027186688,2020-06-28T08:08:25.000Z,7863,2523
1276970661768986637,2020-06-27T20:08:25.000Z,5891,1986
1276786952973496320,2020-06-27T07:58:25.000Z,4863,1752
1276605755341275136,2020-06-26T19:58:24.000Z,7388,2470
1276422045736337408,2020-06-26T07:48:25.000Z,3996,1493
1276240851493142528,2020-06-25T19:48:25.000Z,5198,1581
1276059657153503233,2020-06-25T07:48:24.000Z,6090,1837
1275875962371084289,2020-06-24T19:38:28.000Z,4660,1511
1275692237565952004,2020-06-24T07:28:25.000Z,7876,2345
1275511040923623427,2020-06-23T19:28:24.000Z,6000,1820
1275327332203540490,2020-06-23T07:18:25.000Z,6062,1938
1275143776026144775,2020-06-22T19:09:01.000Z,6378,2007
1274962427264851979,2020-06-22T07:08:24.000Z,6598,2043
1274778717647261697,2020-06-21T18:58:25.000Z,6106,1945
1274595007392026624,2020-06-21T06:48:25.000Z,6850,2125
1274413812968456192,2020-06-20T18:48:25.000Z,7751,2252
1274232617806807040,2020-06-20T06:48:24.000Z,5749,1880
1274048908004646915,2020-06-19T18:38:25.000Z,6448,2058
1273865196377956357,2020-06-19T06:28:24.000Z,6157,1959
1273684002164137990,2020-06-18T18:28:24.000Z,6322,2063
1273500292718395392,2020-06-18T06:18:24.000Z,5123,1843
1273319098286555138,2020-06-17T18:18:24.000Z,3332,1217
1273135392234110977,2020-06-17T06:08:25.000Z,4221,1560
1272951677000261632,2020-06-16T17:58:24.000Z,7484,2186
1272767965268754432,2020-06-16T05:48:24.000Z,2784,1077
1272584258725478402,2020-06-15T17:38:25.000Z,6470,2108
1272403061550579712,2020-06-15T05:38:24.000Z,5464,1811
1272219351802875905,2020-06-14T17:28:24.000Z,7493,2159
1272035641740726272,2020-06-14T05:18:24.000Z,3890,1318
1271851930315350017,2020-06-13T17:08:24.000Z,2679,902
1271668220290891776,2020-06-13T04:58:24.000Z,4683,1650
1271487025812836354,2020-06-12T16:58:24.000Z,2407,799
1271303317344456704,2020-06-12T04:48:25.000Z,3268,1208
1271119606690861056,2020-06-11T16:38:25.000Z,4016,1390
1270938411361284096,2020-06-11T04:38:24.000Z,3990,1400
1270754703203237888,2020-06-10T16:28:25.000Z,6284,2067
1270573507274051586,2020-06-10T04:28:24.000Z,1908,612
1270389799157932032,2020-06-09T16:18:25.000Z,6491,2068
1270206085530558465,2020-06-09T04:08:24.000Z,8361,2520
1270024891052568578,2020-06-08T16:08:24.000Z,6486,1891
1269843696851341312,2020-06-08T04:08:24.000Z,5887,1615
1269659986889768960,2020-06-07T15:58:24.000Z,2012,602
1269478791740559360,2020-06-07T03:58:24.000Z,3829,1371
1269295084975140866,2020-06-06T15:48:25.000Z,2977,1021
1269113888320163840,2020-06-06T03:48:24.000Z,3926,1447
1268930218221277187,2020-06-05T15:38:34.000Z,5474,1829
1268748987395379201,2020-06-05T03:38:25.000Z,454,110
1268567790706966529,2020-06-04T15:38:24.000Z,3071,1217
1268386596816125952,2020-06-04T03:38:24.000Z,651,152
1268202886628020224,2020-06-03T15:28:24.000Z,4774,1379
1268021691298582530,2020-06-03T03:28:24.000Z,464,89
1267837983757131776,2020-06-02T15:18:25.000Z,747,199
1267654273862701061,2020-06-02T03:08:25.000Z,641,156
1267473079288188928,2020-06-01T15:08:25.000Z,5881,1932
1267291884810108930,2020-06-01T03:08:25.000Z,1472,604
1267108173485355008,2020-05-31T14:58:24.000Z,689,158
1266926978474692610,2020-05-31T02:58:24.000Z,368,74
1266745783497437187,2020-05-30T14:58:24.000Z,5501,1628
1266562075670786048,2020-05-30T02:48:25.000Z,370,69
1266380881737940994,2020-05-29T14:48:25.000Z,481,109
1266199686052032518,2020-05-29T02:48:24.000Z,2449,541
1266015977206157314,2020-05-28T14:38:25.000Z,2696,1107
1265832328674316290,2020-05-28T02:28:39.000Z,9295,2294
1265648793363664897,2020-05-27T14:19:21.000Z,5238,1810
1265464846444879879,2020-05-27T02:08:25.000Z,24164,6770
1265283651064954886,2020-05-26T14:08:24.000Z,547,140
1265099942022045702,2020-05-26T01:58:25.000Z,345,57
1264916532875988992,2020-05-25T13:49:37.000Z,517,163
